<?xml version="1.0" encoding="UTF-8"?> 
<project>                                  
  <executable name="pwm.elf">                 
    <memory name="program">              
      <units>bytes</units>                 
      <length>32768</length>                 
      <used>13874</used>                     
      <free>18894</free>                     
    </memory>                              
    <memory name="data">                 
      <units>bytes</units>                 
      <length>2048</length>                 
      <used>510</used>                     
      <free>1538</free>                     
    </memory>                              
  </executable>                            
</project>                                 
